<urn:uuid:d8e63f83-f363-4c39-9723-1c64b0ff91c5>	accept
<urn:uuid:3571e8ea-6236-4256-a71a-c8dfa1b80e2e>	accept
<urn:uuid:29dec73a-052b-4174-b74b-5eda180cd90b>	accept
<urn:uuid:f9b2b0ac-c15a-4f74-89bf-9287f42adfa2>	accept
<urn:uuid:fd7ece47-7592-4fab-9946-aa1c8a2f144a>	accept
<urn:uuid:e2949db6-2b35-4d71-9858-213d3a125368>	accept
<urn:uuid:14ea50cc-7bac-4fc8-9c99-e1640b503689>	accept
<urn:uuid:0ef83b3b-0ced-4afd-a33a-c87a0c692400>	accept
<urn:uuid:efa20e44-1fe8-43ff-bead-cbbc714d4490>	reject
<urn:uuid:f7662fe0-872f-452c-8327-efd9d900645e>	accept
<urn:uuid:bda33394-0572-4f14-9810-324d2edce262>	accept
<urn:uuid:dd911417-2299-4a97-a2c9-d4e1e9e4bd75>	accept
<urn:uuid:804c08d4-aa1d-41c7-b7b7-4348dfc97df9>	accept
<urn:uuid:d9e784ba-4484-485b-894c-ba44873cb255>	accept
<urn:uuid:582e1c83-99c1-4a2f-9654-f2bcf9b765bc>	accept
<urn:uuid:606b09a1-a403-4221-83bc-de5a55b7faa4>	accept
<urn:uuid:32917a32-abb6-430a-8408-8070ad7ee1f0>	accept
<urn:uuid:63aaae8d-e8ac-4483-9915-b6ceefd30702>	accept
<urn:uuid:2ad348a0-36d1-48c8-a2fc-c0e5c4324d26>	accept
<urn:uuid:06183e3f-a609-432a-a33b-9a284c9affec>	accept
<urn:uuid:f05cb2d8-e478-43ed-a97c-6e79b222fcb8>	accept
<urn:uuid:d0078a22-58c4-46ad-80e9-7141d5730e16>	accept
<urn:uuid:a0a97d00-7ee2-45dc-8f56-73d7a5f590e1>	accept
<urn:uuid:92f506ed-0f9f-43d0-896f-49a171b41f94>	accept
<urn:uuid:5f9ee393-b3b5-45df-8e96-9f373c4cecf4>	accept
<urn:uuid:7695d3ff-d130-4f1d-906e-5f1825be4a0b>	accept
<urn:uuid:26b43dee-196e-47ed-b549-c4bcce49c5af>	accept
<urn:uuid:0a8de0b2-d612-4850-b782-2ed700b9141e>	accept
<urn:uuid:0bb6f57a-6553-4bf8-8c26-c59871446562>	reject
<urn:uuid:b24d5185-bb15-4c4e-8b23-6fbdb1e8c12b>	reject
<urn:uuid:d624bacd-af4e-4fa5-9c89-a9c6b3eb8f05>	accept
<urn:uuid:cd72a0ad-14e8-4a29-8600-25f2220dddf1>	accept
<urn:uuid:633114ad-b1c8-4573-a3ab-3480ac0cc544>	accept
<urn:uuid:edee5fed-471a-4134-a2c4-fcd38068c604>	accept
<urn:uuid:b4d0b211-2ddc-4144-ba3d-f146afbe7fa5>	accept
<urn:uuid:a1f3459b-6b7d-413e-941b-f8db270b4ba4>	accept
<urn:uuid:54a03591-520e-4f06-b50d-672e06fad087>	accept
<urn:uuid:700ed3d6-63ff-4ad3-96ed-a0502a4a4235>	accept
<urn:uuid:0d180357-cf07-416f-bd12-eca0ea809971>	accept
<urn:uuid:ab84d833-19b2-4adf-9a32-268c6b870141>	accept
<urn:uuid:aa6dc91d-48b3-4d9e-8bc3-0cde0a598189>	accept
<urn:uuid:7e4c0a91-f675-48dd-94a1-23c4bb2d243f>	accept
<urn:uuid:723e0062-b6dc-49cd-9177-704de576ed53>	accept
<urn:uuid:89820e7a-6a88-4330-b131-428bf5e1acb4>	accept
<urn:uuid:29f9fd7b-87b8-4bff-b671-877c2de2f95f>	accept
<urn:uuid:e0db0dff-ad1f-4989-9c20-bdc972e6ea7b>	accept
<urn:uuid:296a9618-64a6-4e42-a7a3-189e3f122e37>	accept
<urn:uuid:011cdfb7-eb16-4bf2-99c9-5000297a4900>	accept
<urn:uuid:bd0ccdd4-1139-44f3-b02d-af8eb18d9308>	accept
<urn:uuid:1d9de29f-6759-41bb-a1e8-883cd5e6ac7d>	accept
<urn:uuid:48cb40e7-3dd9-48fd-9d8d-9ed039de6cba>	accept
<urn:uuid:783747ed-4ff2-4b74-b2c8-d6cde2f1eeaa>	accept
<urn:uuid:aa06a4a9-ca7d-4cba-a645-026a02702233>	accept
<urn:uuid:46ffacbf-bfbf-4c36-8cdb-4b4be20d7197>	accept
<urn:uuid:0b94b156-27ce-4f7b-9425-48b01258d6f4>	accept
<urn:uuid:24d9d7ee-95c4-498e-a66b-be1de8b6a30c>	accept
<urn:uuid:f98d7a39-247e-496a-b969-b5642f8e57b5>	accept
<urn:uuid:3a11d050-79c0-4001-82df-7a26cbe55e98>	accept
<urn:uuid:eba1177d-31ba-45d4-9c7b-d3fba3cec6cb>	accept
<urn:uuid:eba56a17-5c8b-49d7-b0f2-48df735a46a1>	accept
<urn:uuid:6d837a90-0eca-4ce2-bc92-935da550fdd0>	accept
<urn:uuid:d956c91b-4c1b-4886-bce5-7a7bb56cbf22>	accept
<urn:uuid:9aaf65f9-cb94-4dba-b7f9-f7f78092cb15>	accept
<urn:uuid:34b03d3d-f4da-4919-94f5-e4e5b84c038a>	accept
<urn:uuid:ae5fde71-066e-4ffb-b00f-92f7b08c46d9>	accept
<urn:uuid:528e9e7f-a4b6-4a8c-8a2f-f0601ec1e7c7>	accept
<urn:uuid:b4b33d15-1d39-47fe-8ea9-bf34879c8b00>	accept
<urn:uuid:68ad73ff-9ef2-485f-a427-622a2af49376>	accept
<urn:uuid:3eab8648-16e7-4369-b970-131e0a081974>	accept
<urn:uuid:044e095f-15fd-4958-be6d-209315f107a2>	accept
<urn:uuid:e7b8a6c2-7393-4cdc-8bd3-522b21f94c12>	accept
<urn:uuid:420dc395-7e4a-40b8-bd09-32ea2643ab37>	accept
<urn:uuid:0ec3a1c6-c488-49c4-a849-17f90bdba0c4>	accept
<urn:uuid:4e8ec251-9200-477d-ba09-e5f00f94bd5f>	accept
<urn:uuid:6bfe6f70-ba0d-44fc-b5f0-a241cf1016a3>	accept
<urn:uuid:00b42d2b-4e7d-4fa3-9574-dcf26ea27076>	accept
<urn:uuid:e3f6792e-228a-4e90-ba0b-998ab779d837>	accept
<urn:uuid:855aab72-4738-43f5-b8a0-1b05842f2f83>	accept
<urn:uuid:3b41d03b-2b64-4a5c-a473-b27a2e6a054e>	accept
<urn:uuid:5fc5c312-28f3-4f55-9e1a-77fc500cc4ac>	accept
<urn:uuid:722ed141-aafe-4595-bcd3-478e38e6b43a>	accept
<urn:uuid:eb7f3676-cd20-45db-951b-37954ed97c45>	accept
<urn:uuid:3142bdd3-80b9-41ee-9515-ae988430b882>	accept
<urn:uuid:64951057-718c-4e07-af23-5c8b3fed708e>	accept
<urn:uuid:a8b73d69-01f6-441a-af4b-e99d1902da3b>	reject
<urn:uuid:b303709c-a799-45ea-8acd-581a8b43ff73>	accept
<urn:uuid:01622261-9caf-4cd9-9f20-956bff9322be>	accept
<urn:uuid:b19b9d19-0784-444e-b9cc-9a06aac43c18>	accept
<urn:uuid:05569622-0c32-4f5e-85b6-ee9fc4e66a3d>	accept
<urn:uuid:03e18af4-171c-459e-af8b-102d7eafa09b>	accept
<urn:uuid:c42ea7d2-e3c4-4033-aff3-152c1d7c8bd0>	reject
<urn:uuid:b1d8744a-aeaf-4924-9f5f-f187031927d5>	reject
<urn:uuid:bf9367c1-274f-4870-96f5-76b6518d9f29>	accept
<urn:uuid:4d2f2ea8-c0cc-473e-b07a-57fdf00d5782>	accept
<urn:uuid:7247602a-da56-4b26-b702-5a3b5cb77a6c>	accept
<urn:uuid:53fc73f5-a38e-4a93-841a-d42b96ddc027>	accept
<urn:uuid:22de25db-26b6-45c5-bb74-dbdfd54f0f9e>	accept
<urn:uuid:1308985a-6bba-4442-85f3-f7979d6bd529>	accept
<urn:uuid:daf3f275-e686-4f70-b0a4-98e3d19b8313>	accept
<urn:uuid:0d5c487b-7926-4ee5-ae1e-4d881aa22c3e>	accept
<urn:uuid:8d7984fc-d563-4158-9658-2c8e31d2bfd7>	accept
<urn:uuid:c48880a9-5aba-4c8b-b490-1b87fb6f8c83>	accept
<urn:uuid:7c93b688-e94e-4fc4-a22a-33af83882ea4>	reject
<urn:uuid:2d12e524-19c2-46ef-a97d-be45131d7b47>	accept
<urn:uuid:87612dd8-1521-454b-ae5f-9362e3d7189a>	accept
<urn:uuid:18fa99b6-e925-4023-8e3d-13e6a6b46b1e>	reject
<urn:uuid:295b8fbc-0d25-45d8-8cf7-e5c6e59d8584>	accept
<urn:uuid:42947a88-cca0-4ac6-aefc-6905fc321756>	accept
<urn:uuid:6e7f066f-254f-4b2a-af4f-b70de4d04aa4>	accept
<urn:uuid:95fa2a08-6f2e-421b-be59-9debcb2c4153>	accept
<urn:uuid:5fdf101b-b751-4442-8720-840e82de83e9>	accept
<urn:uuid:452eca90-b44f-4489-b6de-171dfe90f797>	accept
<urn:uuid:92275059-3ac8-491f-a164-adb4fa1a2e36>	accept
<urn:uuid:84cfec2b-a608-4df5-9532-dd1cab08dbe9>	accept
<urn:uuid:b1c6e1ce-aef6-405a-b68c-a0339a821d6b>	accept
<urn:uuid:f528f1a2-66a1-48ce-a34e-74c7023c75a8>	accept
<urn:uuid:c9e21275-a7f5-49a1-82a7-bd87bbb4476a>	accept
<urn:uuid:f692094d-793e-4045-945b-ea84f380207a>	accept
<urn:uuid:dbe4b64a-57a0-43e4-9ad2-01381a6b9a41>	accept
<urn:uuid:1457fd3b-df63-48a9-8060-fd9d82f9d93f>	accept
<urn:uuid:19e7f974-320c-4269-940e-e9b07f49ac2c>	accept
<urn:uuid:197b8829-d839-4933-b0b0-5b5dd35b93de>	accept
<urn:uuid:8e06ebc8-c162-4797-9d41-3261a1281c38>	accept
<urn:uuid:7d952715-0903-4558-812f-43d4382b9b88>	accept
<urn:uuid:8338aae4-5eaa-4614-b2e5-a38690f4cc02>	accept
<urn:uuid:bf5ed851-b74b-4a6a-8a18-0d28d339f235>	accept
<urn:uuid:2be32e0d-3a54-4d6a-baa7-72e781837875>	accept
<urn:uuid:a64939df-dbf2-48b2-aa98-ec03097e1d5b>	accept
<urn:uuid:36d893ed-4548-4746-9c95-7dfe2266b090>	accept
<urn:uuid:3a0ab659-2c1f-4fc3-929d-d3ae54cd06e0>	accept
<urn:uuid:500b4a45-0f69-4732-a6f9-61530094106b>	accept
<urn:uuid:dae70ba8-87ba-4160-b22e-2ab063a72ee0>	accept
<urn:uuid:5a5fce59-4208-40cf-bd6c-c8a0bddf96bd>	accept
<urn:uuid:ab0fc296-04b6-4089-b4c7-79ff6cba432e>	accept
<urn:uuid:9f3b0fc3-a9ff-4561-9066-06abe9ad6266>	accept
<urn:uuid:79b5c150-b2c6-4187-936e-8d5ade820e61>	accept
<urn:uuid:c6744177-c29a-4ff2-a42c-2142a807438f>	accept
<urn:uuid:854c770c-df60-4aa8-9ea8-bf1e7cbb559e>	accept
<urn:uuid:da3f5250-1896-461a-bb01-6359c1c6b6b1>	accept
<urn:uuid:72af43a3-caca-4b99-86b2-4e682bb72804>	accept
<urn:uuid:e827d876-06bd-46a9-8e79-b482cd3b4bdd>	accept
<urn:uuid:3edd0fa1-2b96-43f7-840c-1571f72a1e01>	accept
<urn:uuid:e19e8803-ccfa-422e-b24c-2c7cdae930a7>	accept
<urn:uuid:edc0a476-3593-4651-ace8-5761ca168a8d>	accept
<urn:uuid:6d8221fa-5378-41ea-91b8-fce4a7cf84ca>	accept
<urn:uuid:25cf33e0-c549-4d56-aa63-5354ca7c2226>	accept
<urn:uuid:8e36d2f3-713e-4452-9128-db2c568fc125>	accept
<urn:uuid:12a3ec17-09c7-4541-8aca-917d5e6c6e4f>	accept
<urn:uuid:7cf8e3f8-b74c-4f69-bf18-32bc9612180c>	accept
<urn:uuid:e16e1119-01a6-45e4-bcd1-1cd25feacaed>	accept
<urn:uuid:a9742ba9-edd3-4aea-aa15-2612a5e58506>	accept
<urn:uuid:dddfe716-128e-49b8-9b50-cf8700e7b4b4>	accept
<urn:uuid:9e63ccb5-28d4-4559-a6c4-be8bd8da74c5>	accept
<urn:uuid:31edfed4-9dd8-46d5-9a15-68979d416a9b>	accept
<urn:uuid:c3ad8fcd-9362-43d0-b190-31686a9a0561>	accept
<urn:uuid:ae81f94f-0c9a-4f7c-b556-c77e812d77e3>	accept
<urn:uuid:c1d04494-0d43-43a7-9f9e-b744b37c6451>	reject
<urn:uuid:59669d21-7bef-4f48-8d30-0847d6d30668>	accept
<urn:uuid:046a14b8-9c83-432b-9953-5f1095454b9d>	accept
<urn:uuid:4d79a4d2-5f11-407d-8034-66852c21f03c>	accept
<urn:uuid:b9aee420-6d02-43fa-9ba0-82144bc64cdd>	accept
<urn:uuid:7f4ce37d-51c8-43f1-967f-251473af9880>	accept
<urn:uuid:e427a637-7622-43d9-af79-6a35a82b20b9>	reject
<urn:uuid:bd77c02e-d4ac-4077-8af5-bf967cc88d32>	accept
<urn:uuid:f0614439-2210-4198-b316-fba0fae332e4>	accept
<urn:uuid:57c5817f-4973-4d2a-b6e9-e9c20fa9974e>	accept
<urn:uuid:375e7efa-8cc3-41dc-8ede-206cbb1a420a>	accept
<urn:uuid:50abdbe6-ab62-4832-943e-bfc8539fd41a>	accept
<urn:uuid:88cb501b-fa4f-4ffb-ac97-d092eacd3108>	accept
<urn:uuid:9939ddd6-263a-49b4-b76b-6840089b2073>	accept
<urn:uuid:95e6f7ba-9d0c-42a1-805a-38e7e318d9f7>	accept
<urn:uuid:b0e84215-c4e0-4847-b0db-753ea2f6421f>	accept
<urn:uuid:583dacf4-f62a-40d6-b57c-71d2d0884772>	accept
<urn:uuid:5f9eb920-b4e5-4115-9fba-61a8dd4a43fa>	accept
<urn:uuid:5e3286c8-1bb2-48df-8ea4-186389673379>	accept
<urn:uuid:ddb4df21-db8e-45c7-9053-570a22b33c0c>	accept
<urn:uuid:9c713c0a-ceac-4112-830d-c75b4acbe040>	accept
<urn:uuid:ce8e2788-b9c7-407a-816a-a043063ec0f1>	accept
<urn:uuid:760a4e47-a300-465d-8df4-4001832ab5d9>	reject
<urn:uuid:91b5995a-cc40-4e10-b586-af6e3b0a7ef1>	accept
<urn:uuid:b777604f-2766-469c-9710-5c829f04bd83>	accept
<urn:uuid:f1d626f6-cab1-4700-88b6-a888ee664371>	accept
<urn:uuid:b5bfa70d-c4f0-4218-8f89-f65d3993d15a>	accept
<urn:uuid:a882aa69-8391-42af-a20b-db5ba4c54e0b>	reject
<urn:uuid:104c2fac-634c-4ab5-b11f-f38253338393>	accept
<urn:uuid:ff9be196-fe7b-4dc6-9d5d-1461e20233e2>	reject
<urn:uuid:6fbaa5e3-5f31-46cb-8888-900fe3aa0b8e>	accept
<urn:uuid:eb4d9e69-39a3-474e-b7d9-f293e12a2417>	accept
<urn:uuid:c2d4c783-eb53-45c6-b8ce-9ce0166833da>	accept
<urn:uuid:073c3c6c-4952-44ab-830b-e5892090b4be>	accept
<urn:uuid:7c59a9b1-7d80-45f3-ad68-1eba8d9672ec>	accept
<urn:uuid:00b1b343-c8ff-480a-9747-ba0bd7113903>	accept
<urn:uuid:1fbcafe5-d4e6-4901-9823-9fe4f5fa9eb5>	reject
<urn:uuid:179d675a-9a7d-46e2-8a29-04204bd652fa>	accept
<urn:uuid:65783da8-c20d-4082-94f6-cda6beac476f>	reject
<urn:uuid:f190e721-ddc8-4c1c-b40d-48f4c97ba0e2>	accept
<urn:uuid:a292c5f3-2a4f-4d08-a02e-80680bf7fd91>	accept
<urn:uuid:99727843-9c61-4871-9f47-2e2e72773b49>	accept
<urn:uuid:4070a4b3-5053-4dbb-886d-2cffefac8fdc>	accept
<urn:uuid:d403ef30-f4ee-4b1c-aba7-fe842cbbacd0>	accept
<urn:uuid:85fb1565-3e29-49c1-9653-a2aba01831eb>	accept
<urn:uuid:0e866b8a-047c-4ad4-8260-f03b8de6dfee>	accept
<urn:uuid:b1777e06-5a09-41ef-846c-fdae2ed798ab>	accept
<urn:uuid:c18b2ca7-b4c4-41c9-a7f9-95ed624ff19d>	accept
<urn:uuid:c02f2cb9-eb54-467e-b00c-e62e2e2c573d>	accept
<urn:uuid:144289d0-c0bc-481d-8b91-05f7db87b840>	accept
<urn:uuid:8f3e3b5f-e197-4b15-9d19-88e8526cf352>	reject
<urn:uuid:469825c0-2d13-41f0-8474-5e7bf925f75a>	accept
<urn:uuid:515fc612-bac2-4a7a-b9a2-5c0eadda21b9>	accept
<urn:uuid:8a7c3d07-ffff-475d-be8d-a7862f596221>	accept
<urn:uuid:f7abc10b-495d-4b38-b091-8a3b05469215>	accept
<urn:uuid:ee056f76-a509-49d6-b839-2d2ca65df40b>	accept
<urn:uuid:798a0db2-f827-4983-b173-49df4fd8fe7f>	accept
<urn:uuid:d4089536-f5b2-4da0-bd95-cb8a90aca472>	accept
<urn:uuid:96e448d3-d9d8-4f99-80c0-c19315a743ad>	accept
<urn:uuid:9a8a730e-ced6-4eca-9d54-c8a93c8956c5>	accept
<urn:uuid:734e0aea-65d2-415b-9589-c1abda8068e5>	accept
<urn:uuid:b6c05fbb-db55-4653-a757-b1982e1c7e71>	accept
<urn:uuid:269c1d4c-4506-476f-9fbb-cac720ebe0d6>	accept
<urn:uuid:eeac1c24-db1f-4fcc-aa7e-05f47f693587>	accept
<urn:uuid:c017f964-83d1-4a3a-a84e-22f32ae46b96>	accept
<urn:uuid:4958af36-7069-4d37-b6ec-99fd1f8bf4b5>	accept
<urn:uuid:8c36851d-1d53-4ccb-b9d0-4a6440740712>	accept
<urn:uuid:3f7f488e-2290-4449-9de9-38e0b47c0f59>	accept
<urn:uuid:dd51e068-30d4-44b0-8d90-2fc27ee3c318>	accept
<urn:uuid:20c9f341-4f57-4dfb-bbf8-e3fa45274446>	accept
<urn:uuid:22b9e9f8-0030-4150-83e9-3944f42daea0>	accept
<urn:uuid:8b54e16d-6573-49cf-8fd6-fbd66c9746cd>	accept
<urn:uuid:8a2b9e9e-af32-4155-92cf-300388671e74>	accept
<urn:uuid:d39a56b6-8273-4e60-bd4a-d3fc2e7533e8>	accept
<urn:uuid:234248f2-492d-4469-a552-f1b4665f87bb>	accept
<urn:uuid:b052cc68-8f2b-4120-9a73-71e2451c98e5>	accept
<urn:uuid:3ddcee7d-a10e-4c40-baa1-19ead66a70fb>	accept
<urn:uuid:86c860b9-c613-44d6-8cf6-1b384c567766>	accept
<urn:uuid:72fc3dba-ad5a-4659-9c85-5cd7da6ea869>	accept
<urn:uuid:660e65b6-e220-4646-b171-c485c3d73397>	accept
<urn:uuid:9698c322-5464-47e8-bba6-9263143a5b08>	accept
<urn:uuid:d1d2281d-87ad-485c-91ea-6a302b5f3310>	accept
<urn:uuid:dce49ca7-1771-4801-b386-ce6ea6c7c1c0>	reject
<urn:uuid:7616b7af-e58d-40e9-9235-450a1715009d>	accept
<urn:uuid:00f57066-325e-409f-bfbf-092bc2fa66a5>	accept
<urn:uuid:85c33e9e-3252-4e3f-b25f-5898429deecb>	accept
<urn:uuid:74c89ef8-48c5-4688-a6cb-7b82bb42febf>	accept
<urn:uuid:3ed2f591-d0e6-47a1-afb6-bc14d67a655a>	accept
<urn:uuid:2fdd235e-20b0-4dac-b0f6-5c72a08e43e2>	accept
<urn:uuid:cd231236-4ebf-4635-b5b3-0e92aed7a231>	accept
<urn:uuid:379d2d8d-7701-4ec5-9d26-b045f038526d>	accept
<urn:uuid:d48201b6-1a5a-40d3-8343-152de199b2fe>	accept
<urn:uuid:52119699-0126-4b8f-b1f2-efd807626f68>	accept
<urn:uuid:47c9e6c6-5e76-4b08-b2b3-5ac6430f2fc9>	accept
<urn:uuid:43b94553-31f0-4125-be5b-5fd63bd318c4>	accept
<urn:uuid:6873159e-bb7c-442b-a260-f2ba1e1a3526>	accept
<urn:uuid:ef8c7fa0-42f3-4648-a6b9-c12e2d4fc989>	accept
<urn:uuid:a7834792-9e38-4fed-be78-959c793ca9e9>	accept
<urn:uuid:ee359e17-461c-48f7-a50f-2e44be768560>	accept
<urn:uuid:d86cdcbf-3453-4dc4-9008-80672729c07d>	accept
<urn:uuid:6e9ac545-dc9f-4362-bb65-724da05f3567>	accept
<urn:uuid:77776fcf-938a-41b7-b12a-1fc0811a67d5>	accept
<urn:uuid:7209c4e6-cb11-4849-b587-c614e31d4001>	accept
<urn:uuid:ed54c702-545f-41b5-a9f8-efbc68b0d83c>	accept
<urn:uuid:b4420633-ea60-46de-b89e-549dbf7a8235>	accept
<urn:uuid:6fde8ff5-b65a-4de1-96c1-fa601e75b898>	accept
<urn:uuid:ad86b026-5a6c-403c-a7b2-0385f7c7ff86>	accept
<urn:uuid:7834ea80-2b0c-4b7d-ab93-5db5e67ab465>	accept
<urn:uuid:7261b5c3-d508-4f97-a6f1-6b0f42418c27>	accept
<urn:uuid:5dfbd067-38aa-4b13-aaf3-2c4d7c4a7830>	accept
<urn:uuid:ec3a5b92-d9f7-44c5-b1d6-b8723edb4cf8>	accept
<urn:uuid:6e9f7070-bf38-4b0d-a4ad-8ff362ddf8bf>	accept
<urn:uuid:6b77302b-98e7-4d2b-933d-b627beced349>	accept
<urn:uuid:d7d15fd8-e11e-44ef-8772-970a3d62cf5d>	accept
<urn:uuid:254daa76-ecd5-4db2-be7c-87eaa46d7b5f>	accept
<urn:uuid:2a94c192-92e8-40d1-ac26-d2081951dcc5>	accept
<urn:uuid:c19c58ab-b3cc-4eea-8015-fbd57d28886d>	accept
<urn:uuid:04ace4ee-8e4a-43c2-be2d-5219d0d25186>	accept
<urn:uuid:6a94af19-72c8-4bbf-8983-eaa17c4f236b>	accept
<urn:uuid:16c4786c-b724-4fe3-819f-0bc5c31c41e5>	accept
<urn:uuid:4d3fc946-ab76-4e13-bdf3-4844fffbad60>	accept
<urn:uuid:129c23f8-2058-436a-83b2-00227493b13c>	accept
<urn:uuid:ce346bf9-4a68-46ca-baa4-7b2896ac1396>	accept
<urn:uuid:9d47dbba-9ed7-4bf7-a41d-9648983bceb2>	accept
<urn:uuid:d3e670e2-1731-463e-86de-ca32d66ec75c>	accept
<urn:uuid:29a9fa46-d327-4729-8475-41e82f0f187c>	accept
<urn:uuid:bf97b34a-83a6-4f05-902e-2b799bd84e30>	accept
<urn:uuid:9c5f61ab-a50d-4787-bc47-169525785521>	accept
<urn:uuid:e77a44ed-5cb1-4b87-9768-6e82ac885ea2>	accept
<urn:uuid:818ac787-3f42-46c3-aff2-956d003d8c41>	accept
<urn:uuid:310b14fe-78c4-4665-9ab1-fb478de34945>	accept
<urn:uuid:779a02d0-25f1-463a-a28c-d8e0fc8ab86d>	accept
<urn:uuid:51a0fc2f-e9e5-4f2c-b9b6-a511238e7263>	accept
<urn:uuid:992886ee-35e1-4466-bced-74961971b67e>	accept
<urn:uuid:9150ba62-56d7-4638-ad18-56a30ff2fd29>	accept
<urn:uuid:953abdbc-6294-43d0-801f-0774f1b08d5f>	accept
<urn:uuid:9ff58127-4cd1-4d6f-97f5-5a626307a2ab>	accept
<urn:uuid:a19a4cc2-f3b4-4b3d-a31f-8ed7924c9609>	accept
<urn:uuid:3879c215-fd06-41c5-925b-a2b66e600a9a>	accept
<urn:uuid:31f97592-53cd-4c07-a1a9-192d9d3d327e>	accept
<urn:uuid:c9ea262c-96e4-4f3e-a2d7-7e153c31742e>	accept
<urn:uuid:a5add0b7-68b0-4d0d-8c33-79c7f0e38cd9>	accept
<urn:uuid:672c8caf-5c7f-4ba4-8b62-f229df4e2dc3>	accept
<urn:uuid:b5fda99e-fa03-4fd3-b60f-d214057c8417>	accept
<urn:uuid:3bec0115-3c0e-40f0-b67b-7ced778c3a37>	accept
<urn:uuid:7ef1b666-c9ef-4f77-9281-ec77b43592ab>	accept
<urn:uuid:56774c0a-a657-4e2d-ac88-ae703bf2f29d>	accept
<urn:uuid:64354926-516a-414e-8407-1037fb2ce730>	accept
<urn:uuid:a8119288-9683-4c5c-bb70-05604dcbd7dc>	accept
<urn:uuid:aee9351d-2cb0-43c8-9d00-134e3a4147ae>	accept
<urn:uuid:18dbd827-ea81-4243-8d9d-f4a35cd3d3ea>	accept
<urn:uuid:7876f39c-e903-4885-8da2-9f133f6c41a5>	accept
<urn:uuid:7a14fbef-faf5-475a-96fd-3e659bdb1a4a>	accept
<urn:uuid:de30035f-1229-4e2f-96b4-6bf7d6b3c43a>	accept
<urn:uuid:cd6ffab6-e06a-42b3-b55a-704b25df7f27>	accept
<urn:uuid:ba04177b-c980-4667-9067-12c6af88e05c>	accept
<urn:uuid:a00db377-3865-4e60-98f4-e30365eb7d44>	accept
<urn:uuid:30e2f711-b86a-48dc-b9d0-615fbe2f6466>	accept
<urn:uuid:5766068b-f641-403d-bbee-8886a1324423>	accept
<urn:uuid:2ad88e0f-3806-444f-b037-5f5df16f8bde>	accept
<urn:uuid:1bc581d9-823e-441f-aff7-05f644aef77c>	accept
<urn:uuid:5d921c44-63fa-4094-89fc-16fd40298a1b>	accept
<urn:uuid:7a7f99bb-1710-412b-97ed-fc836a59ce30>	accept
<urn:uuid:a7192541-ea76-48fb-8c1e-4e22e9753472>	accept
<urn:uuid:49b867f8-28b6-4920-b79b-6262b51d464c>	accept
<urn:uuid:a251c6d2-fe3f-4822-9b58-92f25adaed8d>	accept
<urn:uuid:e1487c79-4782-4252-8942-fe2a414673bb>	accept
<urn:uuid:eb36bb9d-5a06-4f35-b0bd-a12c9f3fc5dc>	accept
<urn:uuid:e0618737-08e0-4cd4-bfd2-a0dc17dce481>	accept
<urn:uuid:098a5116-f2ba-4596-9aeb-344a78999d1f>	accept
<urn:uuid:a2adf653-3bec-4d77-aa2e-f923c9fe292b>	accept
<urn:uuid:e27b7fe2-c550-40c1-b1ef-ab6f464dcb71>	accept
<urn:uuid:a531a2ae-bc6b-424d-86f7-0b5f050ff541>	accept
<urn:uuid:52ea50fc-64ca-497d-931d-c8b3e7427d10>	accept
<urn:uuid:4d45ee93-f34f-40cd-a7a8-5f47bbfdfee1>	accept
<urn:uuid:b1f5ba73-8c44-4f8e-9787-06c515047982>	accept
<urn:uuid:e481d619-6c31-4da2-924f-d26c33d14689>	reject
<urn:uuid:b50401c9-b102-4ce5-a42d-7f655546a82d>	accept
<urn:uuid:dec41c7a-b628-49a2-865f-1b96e09b9ca8>	accept
<urn:uuid:625e388d-3d39-4347-bc6c-47e41cea3f6e>	accept
<urn:uuid:978abf0c-47e8-44c6-8133-b29ef4876f7c>	accept
<urn:uuid:3eb9e9d5-61e1-43e8-8c32-433f42979d8c>	accept
<urn:uuid:9a51ac90-7ccc-4be9-97f4-6670c4e3108c>	reject
<urn:uuid:e33f27b8-14b1-4092-adad-67acae65c075>	accept
<urn:uuid:7f4b8f8d-2255-44b0-82b7-80b23d04b21f>	accept
<urn:uuid:434f9e03-17bf-4018-86b7-f2b9a1c32102>	accept
<urn:uuid:b763523f-d004-47f5-a452-908e5a388503>	accept
<urn:uuid:9afb3244-ec91-4647-89d5-78d0cffd6f32>	accept
<urn:uuid:231350df-5a29-406f-9cde-682a1384a992>	accept
<urn:uuid:27a0a59f-f7a6-420b-9042-9b7820416250>	accept
<urn:uuid:9bed8608-37bb-4f88-9eca-b9553729f22b>	accept
<urn:uuid:5b8d939a-85d9-4db6-a06a-a98e2261a122>	accept
<urn:uuid:979cdb94-0b2b-40bc-a7f7-ac8ef279d4de>	accept
<urn:uuid:943f23cd-a7a9-4778-95bd-29470ba35e7c>	accept
<urn:uuid:df52b058-8e47-440b-9c45-5fec7d083336>	accept
<urn:uuid:2672883a-98f7-4d55-b4be-e1a4a78c4562>	accept
<urn:uuid:4269fe3e-af34-478a-9d5b-5139a65a18cc>	accept
<urn:uuid:3d78c452-125b-4b06-b758-035adbdaede0>	accept
<urn:uuid:cc5ca232-02d7-45bd-a164-c04ba7a11f9a>	accept
<urn:uuid:ffd77f8f-b58d-4158-a2a8-ff85838ad7cd>	accept
<urn:uuid:fb10dfdf-e4ea-4b55-8ac5-392a9839effc>	accept
<urn:uuid:ff873352-c5a1-4480-a86f-294b8e031241>	accept
<urn:uuid:19f7f3da-c29a-4813-b771-a01982af4c93>	accept
<urn:uuid:c7b56ab4-874d-44b7-8613-3ee2dc9c5966>	accept
<urn:uuid:81144d41-b3a2-4d43-a9e7-8f8661030c02>	accept
<urn:uuid:a68245a2-c420-4a89-91e0-e6ca2426c480>	accept
<urn:uuid:89b0195a-956a-4cde-935b-789899a8889d>	accept
<urn:uuid:a533bc37-9d46-4bf5-8f99-87161d262d45>	accept
<urn:uuid:d30a06b3-7f2b-4201-89d3-9b0728086a78>	accept
<urn:uuid:f251c77d-36c2-4f71-8f31-5520217e0083>	accept
<urn:uuid:4efda73c-cee5-4e9b-9621-8a0a613888bc>	accept
<urn:uuid:76ff232e-31f1-42fd-ac8a-ff3747b4680e>	accept
<urn:uuid:5e907129-b291-4438-abe3-a483bc04315d>	accept
<urn:uuid:2f0d0ab0-f4c5-499f-84a7-af8834ee1fb4>	accept
<urn:uuid:a5611232-a640-4df2-9bb4-6a9943257743>	accept
<urn:uuid:25237e50-029e-4bba-99f5-6921ff324d51>	accept
<urn:uuid:b290872b-2dd6-4f34-bae6-ce4d328e483c>	accept
<urn:uuid:e11957e2-9dec-4d5a-88fb-f9b8082a4c5e>	accept
<urn:uuid:1c00e9fd-dfe4-4af0-afd4-4d7f039c4844>	accept
<urn:uuid:5d0013c0-0b04-43e8-a864-fab31dd7fa27>	accept
<urn:uuid:b4309caf-f7d5-41cb-82ed-7cff0358d0ff>	accept
<urn:uuid:a1f3aa46-9085-4ef0-901f-20bb122dee09>	accept
<urn:uuid:59d53bcd-4e6b-40c4-a31b-91d7fa6d37d4>	accept
<urn:uuid:09e223f9-647f-49e9-8347-a65f3e1d9fdb>	accept
<urn:uuid:3e353a20-0500-4ca1-850d-62a75731ed13>	accept
<urn:uuid:6890549b-37d6-4d26-8a26-9ccb769b2d0f>	accept
<urn:uuid:2b92964d-6073-4cf3-874e-f3fff55bb408>	accept
<urn:uuid:922cc366-aa79-4f53-8830-d269b23a08df>	accept
<urn:uuid:adf97cdb-c885-42c8-bf9c-8bb0b4b3ea41>	accept
<urn:uuid:49828f76-8d1a-4807-a79d-6e6a20ef37b6>	accept
<urn:uuid:efc8dc21-945a-4fda-afa1-6fe5299fbd67>	accept
<urn:uuid:b55f3254-aa28-4ace-9f9f-e36b07bf003f>	accept
<urn:uuid:02c1808e-af40-4237-b961-bac9831d67c2>	accept
<urn:uuid:509e462e-989e-46f9-88aa-91f4da1eb0dc>	accept
<urn:uuid:6b3cebff-2476-446e-8266-78a86468ce9d>	accept
<urn:uuid:9d378c5e-49d4-4cba-91d1-483bc806b449>	accept
<urn:uuid:715cb60c-f99c-49ca-b1be-2eef5a5b5643>	accept
<urn:uuid:2c8fbf7d-efa2-4618-bfc7-c252c2d021b2>	accept
<urn:uuid:d7a4ae93-1a03-49a0-a598-e595c83163d8>	accept
<urn:uuid:3ecf7089-93d2-4b5d-b7b6-630ef1f7aea8>	accept
<urn:uuid:8e182c0a-41e7-4ea8-a944-ffcc9d8b451f>	accept
<urn:uuid:73afe0e4-6c14-4a48-9048-fd21b76d3098>	accept
<urn:uuid:2a2b7772-d4fe-4ef1-acba-7b08dc9226a7>	reject
<urn:uuid:7498f353-27d1-4ebb-8b33-26be5dc63c91>	accept
<urn:uuid:3eea2d24-3340-44ee-8d69-e5e2bf651f64>	accept
<urn:uuid:de6f0f7e-155a-4602-8d8a-fa06be9c8aa1>	accept
<urn:uuid:a5a1e51c-0392-4a5c-931a-5ce3650d8cdd>	accept
<urn:uuid:fef5318c-d866-4b6d-80c1-3ee9752cf83b>	accept
<urn:uuid:0f94c54e-fc84-4081-aedd-f08074681996>	accept
<urn:uuid:672dd945-200e-4873-a24a-16618dea3e0d>	accept
<urn:uuid:73112ce2-e006-45d0-89d1-3d95cd6e4707>	accept
<urn:uuid:b7fc4482-efad-4596-9977-4e8d98f44d03>	accept
<urn:uuid:9f24684c-7f5c-46fc-8ee0-156237a57fb5>	accept
<urn:uuid:fc8e79e8-f8f2-4e54-a443-bdf07fbe8535>	accept
<urn:uuid:2a56b883-191b-4a14-a737-ee2085355c1d>	accept
<urn:uuid:4a6c6259-f199-4205-9f66-acba9621140a>	accept
<urn:uuid:69762bee-b51d-4634-a171-127a2ceaf6a6>	accept
<urn:uuid:36745e9a-4fbc-45b9-8116-3819e5064dce>	accept
<urn:uuid:56462792-37f8-4187-9a31-f8bf82d3cd8f>	accept
<urn:uuid:bc70d7d4-ef7a-480d-a865-c768e9fabb2f>	accept
<urn:uuid:ab3ad924-5fe7-454e-8712-a45deed5780a>	accept
<urn:uuid:17a3157c-7677-4aef-9f9c-fde27566f47a>	accept
<urn:uuid:2496f1e2-e90f-4bd5-a7a9-882bee90b55d>	accept
<urn:uuid:84f088ac-b2ad-47d5-a32b-0a9d7055c9f2>	accept
<urn:uuid:72b1d1db-0a54-4bfe-98dc-5faf9cdceca6>	accept
<urn:uuid:355b8f1f-c9a8-4151-b4ba-482da2711bc1>	accept
<urn:uuid:a9d583df-1cfc-42d9-84e6-85c086e27799>	accept
<urn:uuid:a102f331-6266-4aeb-9662-99ddca054e42>	accept
<urn:uuid:dbfddfad-82b4-4915-8388-4742db06bc84>	accept
<urn:uuid:451c1a1c-8ef8-4898-bb6c-bc99e2f33432>	accept
<urn:uuid:4d7381b3-e161-4769-b2c9-0795e10d2875>	accept
<urn:uuid:0e7e37cd-98df-4937-a75e-080ea3abc7ac>	accept
<urn:uuid:7a651ecb-d1d8-455e-81fe-bc436f39cbdf>	accept
<urn:uuid:c1216f11-547e-4093-acc7-141717750f67>	accept
<urn:uuid:b2dcd9fb-40b3-41b2-9f02-d0b9642004d9>	accept
<urn:uuid:2dd784fa-6535-4fcd-bd10-8f2f630a44da>	accept
<urn:uuid:70d5b966-9361-4260-b123-e6750bfce0e0>	accept
<urn:uuid:18d5059f-3ff0-43b8-8deb-c6f17f04797f>	accept
<urn:uuid:7b6713b5-e3a2-498b-ab3f-f9033118b0d4>	accept
<urn:uuid:124ceb25-24c2-4ca0-b027-a95582707cad>	accept
<urn:uuid:7045b659-fcf2-41b0-bde6-58a77d316fe0>	accept
<urn:uuid:61a3184f-8ce8-415e-8e46-199fb62ced08>	accept
<urn:uuid:8ad1e86c-cd85-4b1a-86e6-b74a0fcfae8f>	accept
<urn:uuid:d00f9fb6-cdb9-463c-bf0d-16fb7e2cf994>	accept
<urn:uuid:01d7951a-1a0f-40f1-a542-d0961d14312d>	accept
<urn:uuid:7758a3d7-12fb-4730-9efe-186ed3024c8b>	accept
<urn:uuid:d0b0f201-80ee-4006-a8c1-1209a22f0eaf>	accept
<urn:uuid:1d9ee08c-616f-47c1-8c56-82ba384374ed>	accept
<urn:uuid:f5e0cd45-26ec-43bc-8fa0-1fff19749e90>	accept
<urn:uuid:a81b3a81-438b-435e-9c20-907d66a04d41>	accept
<urn:uuid:88734192-3111-4d42-a764-a3c66bdbfccd>	reject
<urn:uuid:2920c36b-1eb0-42a2-820f-6b2d3d6b5287>	accept
<urn:uuid:417e2452-5eae-4b07-84e4-1114999c7adb>	accept
<urn:uuid:1a452fc7-f296-4e47-81ad-818aae626680>	accept
<urn:uuid:371518d3-7289-4001-b13b-93d236071841>	accept
<urn:uuid:b5ef42e5-45cd-48cc-8bd0-34faf7f08bf9>	accept
<urn:uuid:a97610e4-cd35-4c19-b341-662f569d7b4f>	accept
<urn:uuid:76802af0-9f47-43af-846e-53b8bb7f1d19>	accept
<urn:uuid:f1b97f83-a2f6-47c0-9b38-a8af6e2d2880>	accept
<urn:uuid:9061027f-4c17-4486-bab8-b99da8ee7cbd>	accept
<urn:uuid:f305d290-f90c-47fc-8310-5f3a671ccdec>	accept
<urn:uuid:7fad14b4-44b2-45b0-a216-0eeff570503b>	accept
<urn:uuid:4954042a-c7ae-4f83-a051-0e86da5a67ed>	reject
<urn:uuid:4532fd8a-bb04-4109-b75e-cc26cb4a6e18>	accept
<urn:uuid:92446a7d-8ce1-47e3-a524-bb8d34499119>	reject
<urn:uuid:182336a4-2fa7-476c-b37b-fe7b3e01ac5a>	accept
<urn:uuid:ec0b4df8-d1c5-4bf5-8ec5-c9566312d2d5>	accept
<urn:uuid:502659bd-19bb-4bc9-8b1a-ba7befb06816>	reject
<urn:uuid:f32855a0-309b-457d-b322-46a54e98410b>	accept
<urn:uuid:2148083e-4447-4863-baa3-94d128f56aa2>	accept
<urn:uuid:a29405ad-28c1-419e-8a8f-94bd83fa8d44>	accept
<urn:uuid:22756a8d-7560-4014-a8bd-648d129d79b1>	accept
<urn:uuid:42f747a5-c646-4f41-9be7-19c0da959a89>	accept
<urn:uuid:cfd6976d-85b5-4faa-8f51-52ec67088f4a>	accept
<urn:uuid:949cf757-b96e-4ef5-97c7-256fa5a44bb4>	accept
<urn:uuid:33379b03-31e7-4536-bfb8-cc17d3094c79>	accept
<urn:uuid:ce9afe3d-3973-48ad-a868-965a62bbaf5a>	accept
<urn:uuid:3d0eec2b-9aa6-4a78-8d7b-e30845f907e1>	accept
<urn:uuid:963741f8-9c98-4715-bba3-d6d2c5712c80>	accept
<urn:uuid:d8381b51-2e64-43ca-bf28-4be58742fa85>	accept
<urn:uuid:d33ec98e-a724-4551-9c0d-a65c75fccfc2>	reject
<urn:uuid:ecdea904-f56b-4649-89c1-a5a67fe45b00>	accept
<urn:uuid:ccd7cb4a-12a9-45bf-9fcd-8d96d65497b7>	accept
<urn:uuid:76494658-a29d-45ec-8564-3bd913fd77b2>	accept
<urn:uuid:0e0f0e90-972f-41a6-8941-a37a552bb722>	accept
<urn:uuid:6d0f9c49-4298-42d3-ada2-40135ab58d72>	accept
<urn:uuid:c5e9628a-7b91-4675-a9e4-9da92a8f6532>	accept
<urn:uuid:7e7bd023-8f64-4ce7-a98e-aac84798aa4d>	accept
<urn:uuid:fd89f005-a371-4790-a86c-ba7f41ee5614>	accept
<urn:uuid:dce6349b-c665-4c8d-a568-55c569e2b7d4>	accept
<urn:uuid:2bea6d64-7b75-4c21-9531-7e634faa31dc>	accept
<urn:uuid:830d2095-a55a-4390-824b-858a6e62a53b>	accept
<urn:uuid:004f5662-47fd-4d37-81f6-dbf5d596085d>	accept
<urn:uuid:bbd9afe9-d510-4f6d-acf8-ff9efac520b6>	accept
<urn:uuid:f8e10185-60d1-426f-b2c2-d352bb64a815>	accept
<urn:uuid:326b613e-95fd-456c-8ffb-a2ba3162d793>	accept
<urn:uuid:962448ed-b96a-4b9a-a881-873fe7f34cf9>	accept
<urn:uuid:108e8d14-326e-4ba0-a87d-081a1d691929>	accept
<urn:uuid:59c54892-d5ad-4833-b422-b79cd79beade>	accept
<urn:uuid:ee130d6c-e341-4fe6-8228-c9106ce680de>	reject
<urn:uuid:29f838ce-cd84-4cc1-8687-39ae5bac3c47>	accept
<urn:uuid:40e7205f-2abf-48d6-8e0e-69f67f68b5e0>	accept
<urn:uuid:b0858f79-abd5-4e2b-855a-d7459c6e5401>	accept
<urn:uuid:913d58b7-9b41-4441-9e92-e39c18a31f4a>	accept
<urn:uuid:8d2bfd3a-814f-4ec8-a0c8-89df25911189>	accept
<urn:uuid:de89a2ab-350b-4d8c-b6e6-df2cf432f66e>	accept
<urn:uuid:bcbb70c2-88e0-42e1-bba9-c2dab15a6567>	reject
<urn:uuid:ca269b7c-bc11-4fdd-a5b6-9500d39e6882>	accept
<urn:uuid:df69fc42-dc80-4774-b1eb-fb640ad1f141>	accept
<urn:uuid:7f245b52-b288-4119-aab8-a8b5c40c0cf5>	accept
<urn:uuid:15f9b7df-39f8-441a-b0b1-ca027b8baf8f>	accept
<urn:uuid:1b328388-5593-47b3-a4b6-9a45e07781ff>	accept
<urn:uuid:2ccd4684-70df-4b2e-80b8-2c7f09732b2c>	accept
<urn:uuid:0f22b51a-918e-4fc6-8187-9a47836873bf>	accept
<urn:uuid:e5d83ad0-a14f-4505-b2f9-cbca7820376a>	accept
<urn:uuid:ea8b0c46-cbf5-4fbb-b5f1-daa5ec7fda94>	accept
<urn:uuid:96ba568d-717a-4c72-a719-626827b0e6d8>	accept
<urn:uuid:1c03554c-7da7-43af-99f9-1813c4025066>	accept
<urn:uuid:1bbd73f2-e868-4851-891b-702592b7a71b>	accept
<urn:uuid:de84fd3d-ff39-4a06-9734-e88c8c1b32f8>	accept
<urn:uuid:3b3aa2f9-313a-45a4-8593-097bf5fab57d>	accept
<urn:uuid:bfb154fb-a736-486d-a23a-4f5c0599a2e6>	accept
<urn:uuid:2c8712c8-f755-45b6-868b-b4a28447e1d2>	accept
<urn:uuid:3c39ee8c-1793-4154-ab81-c1f1a7950a5d>	accept
<urn:uuid:23b727dc-29c9-4820-b21e-bc9ed86851f9>	accept
<urn:uuid:d0ea1c70-767c-4095-9fac-edd1bfe5620f>	accept
<urn:uuid:7f4b78e9-8927-4a3d-937d-16bd61604149>	accept
<urn:uuid:ea38d615-30f0-44de-bff8-52e8cd9f9cc2>	accept
<urn:uuid:1b38425c-23c3-49e6-bdba-ece9761ebfa7>	accept
<urn:uuid:4b94a33a-6281-423e-b872-14c85b97950d>	accept
<urn:uuid:49d384f9-9c64-4eef-9749-4f17bf2c96af>	accept
<urn:uuid:30076b57-5143-4138-af74-f57d3da17ddb>	accept
<urn:uuid:c8281b85-5b29-4d7f-9de3-2e4b39140db7>	accept
<urn:uuid:fb4f1750-67d0-41f4-950c-4a833efaa2d4>	reject
<urn:uuid:7f9aaf4b-63c0-4633-ad67-2e0d360c60d5>	accept
<urn:uuid:a9a2fbdc-67ac-4f69-8c94-65109d8db3de>	accept
<urn:uuid:5cf8cfa7-2e5f-44ac-ae2d-c1422b04d6f3>	accept
<urn:uuid:56ed2954-57fb-4989-8710-57c1462fc112>	accept
<urn:uuid:4a5b6c16-89b3-4705-a116-6928f7b32f7f>	accept
<urn:uuid:8db16832-4c56-46ce-a72d-081d470b1755>	accept
<urn:uuid:13e5dc70-f25b-43ae-9a63-7434b82f401b>	accept
<urn:uuid:375d3b58-3a79-4cd5-a749-01b264ccec79>	accept
<urn:uuid:233736db-96b2-4379-8f18-8df7b2d776a7>	accept
<urn:uuid:de3fd1fc-a6fa-42cc-b7cd-15ceee4b9006>	accept
<urn:uuid:fa89ee1e-ed93-45a5-92e0-55ed2fbaa746>	reject
<urn:uuid:a921d507-2563-46d1-bd6f-aa4c801a9bec>	accept
<urn:uuid:10a45efd-8f52-43d0-916f-d85e195714b7>	accept
<urn:uuid:c12f215c-201d-4854-adbb-4ed8821cdc78>	accept
<urn:uuid:af116bc3-9071-476f-a6f7-9312ab47e075>	accept
<urn:uuid:a6e2cc86-45ca-4e18-8f64-d3f6bde985fe>	accept
<urn:uuid:d19daab0-637a-4f6d-9642-a0c7288502d4>	accept
<urn:uuid:e229bcc5-f5bb-4101-b770-f335b22211ca>	reject
<urn:uuid:135cbc73-98ad-44d7-9f85-0e5ab2927ece>	accept
<urn:uuid:ab5458b2-2433-44f0-a2b8-2cfe70b014ed>	reject
<urn:uuid:a15727c5-f2f7-452f-a853-030b760c2904>	accept
<urn:uuid:11878da5-a382-4696-9c79-c3ece3c39745>	accept
<urn:uuid:3b500b08-e0bc-4cc4-8334-568c48ffdb93>	accept
<urn:uuid:97c93ae6-44a2-435a-b676-da9154e08583>	accept
<urn:uuid:497a5e75-619b-4faf-8e09-1014535410f4>	accept
<urn:uuid:97249ac2-51c3-4bd6-b810-3fc6a1724b9a>	accept
<urn:uuid:17034cea-04db-47db-be72-73948957fc78>	accept
<urn:uuid:69909ed5-e0a7-42e5-a271-75bd030597e2>	accept
<urn:uuid:49037acd-78f3-44d5-a519-ea0fe9523b52>	accept
<urn:uuid:8c8dee6b-53dc-4bcc-aaa4-2824b152b1ed>	accept
<urn:uuid:22f96f81-9934-409f-9dfc-47ee5d5c0b15>	accept
<urn:uuid:6407825f-7380-4194-8d20-9346eeea643d>	accept
<urn:uuid:9c02f5ef-b0f2-4148-8bfd-bf3ba2ceb924>	accept
<urn:uuid:2a7b5fd6-7287-4dd3-b83f-14fe180ba8a0>	accept
<urn:uuid:452b143c-1a2c-4749-abf0-19e80beb1340>	accept
<urn:uuid:4adff9dd-bf3c-4bee-b1dd-59a41a3792c1>	accept
<urn:uuid:634be2c8-6634-45ac-975a-853d1981aead>	reject
<urn:uuid:ca15d0ae-cb58-4625-9a49-ddc5c256a29a>	accept
<urn:uuid:783305b0-cb96-4a5c-ba11-19a096e1e6ff>	accept
<urn:uuid:0eb8b9c2-6ca6-4b40-9326-15aa52d0d946>	accept
<urn:uuid:0bdcb676-9ae5-430e-afc2-2ead3d20f1c5>	accept
<urn:uuid:62902479-d2ff-4961-97a7-487f4d2e5465>	accept
<urn:uuid:f24d87a7-e6c7-4f6a-be89-bab4f8ee0ed9>	accept
<urn:uuid:717215e2-cfe4-4620-b488-fc5dab4a7345>	accept
<urn:uuid:4d6bc7a4-1c02-4efd-bc89-21d367b89b22>	accept
<urn:uuid:18ba9408-6e57-4436-bf7a-70ae5eef2904>	accept
<urn:uuid:58d71f83-6972-4d1d-882c-8f6ba8306ddc>	accept
<urn:uuid:6c58fa62-7fad-47ee-a6b2-0e4259259934>	reject
<urn:uuid:9a3ff11b-2ee9-4214-a111-bf01f50a4598>	reject
<urn:uuid:a861397b-3e88-493e-a9d1-602a2610aa38>	accept
<urn:uuid:4437ccb0-8cfd-4269-8423-47e09c92f9ca>	accept
<urn:uuid:7096c439-c0d0-47d4-84de-81d33f22f320>	accept
<urn:uuid:ef1f0204-1f0e-48e4-a90f-0b3e7e7b8194>	accept
<urn:uuid:347f9427-e7f5-46c8-9a81-20e97ae816b4>	accept
<urn:uuid:b5603166-5d04-4c74-8915-20d5b44cec67>	accept
<urn:uuid:a66ec4de-f2d2-4cc3-b46b-50fbbee816ce>	accept
<urn:uuid:dbdce8e1-b1a4-4a7a-83a4-6ad35226d8bf>	accept
<urn:uuid:2903e60b-1f19-4642-bb89-866f0d2fdabe>	accept
<urn:uuid:91175813-eaca-4385-b0d3-4fef0ff0c58b>	accept
<urn:uuid:74faae00-2578-41d3-bc8f-8ab51c9c25bf>	accept
<urn:uuid:a03341e0-b062-4624-b178-dcb441cf3251>	accept
<urn:uuid:44ef3789-5a74-46ea-9e38-42112f6458d7>	accept
<urn:uuid:9ba29736-d1ea-4d65-8745-892cc488db09>	accept
<urn:uuid:404c89ad-b439-42d3-8f2e-ff23b875a0f9>	accept
<urn:uuid:870b0868-0da3-4f93-b481-15234693caa2>	accept
<urn:uuid:3b45ef07-c093-4620-a30e-3c2dc61f5462>	accept
<urn:uuid:7d59dbdb-e6b9-4c11-8494-eab5f2382f1c>	accept
<urn:uuid:77570661-f0c0-4715-b524-85ff08e9f799>	accept
<urn:uuid:497f524b-a0a6-4af3-a76b-c5b6191a4d01>	accept
<urn:uuid:1ef06227-f8b6-40ca-8f47-4ee1b6ab667d>	accept
<urn:uuid:52ad4b8a-42c6-408f-a081-22f87cbdd168>	accept
<urn:uuid:4293e4d6-0dfa-4590-9c3b-4f80cb1312fd>	accept
<urn:uuid:8f7081d1-9d2a-4cc8-8e9d-96147024dbbf>	accept
<urn:uuid:778d80db-c653-40b4-bce8-4588a39aca47>	accept
<urn:uuid:cd6bc6e1-4a44-421e-ad1a-078a59d3281b>	accept
<urn:uuid:b2604abd-9a3a-4233-9f8f-9fca2ddebf2b>	accept
<urn:uuid:3c0dc26c-96e9-4664-aa7d-3e457405ab01>	accept
<urn:uuid:775c4f94-9e14-4a41-b48b-2351763dfbe7>	accept
<urn:uuid:d13f07c4-c0dc-4e64-beba-51e01e3f9cd2>	accept
<urn:uuid:7a0963ac-a3b1-41d7-a043-100b560f4fbd>	reject
<urn:uuid:ec5debe1-9e56-4736-8207-b15f311cee23>	accept
<urn:uuid:9206a872-215f-422b-99d0-649dfc220cb3>	accept
<urn:uuid:cdd29f64-810e-4913-85c6-37d3715d0952>	accept
<urn:uuid:8c6adf1f-77db-4b39-ac3d-23fcd3c23d12>	accept
<urn:uuid:b715dd2d-5c9d-4c61-8bae-ad86aa8cc63d>	accept
<urn:uuid:219d7094-6a8b-4599-b598-ab3cc15405de>	accept
<urn:uuid:693da8b6-93c3-4dcf-8e2a-785edd7edca0>	accept
<urn:uuid:638180ec-e3c7-4823-acf0-0fa8fac6a1dd>	accept
<urn:uuid:964a0511-7b41-4d12-a836-353f9c64a7d6>	accept
<urn:uuid:fd2f14eb-bd3e-4b3e-ad60-351b6ac37d78>	accept
<urn:uuid:0afb3201-90ba-4370-9934-7b0af86bce79>	accept
<urn:uuid:a332cd3f-d3a4-4058-ae85-0f80f815ef51>	accept
<urn:uuid:2f5874bf-c4f5-4b38-bf72-f83392dc49a1>	accept
<urn:uuid:928da537-d758-4fde-a04a-97da4e37e754>	accept
<urn:uuid:975f6da8-12e7-44cb-b2ea-1c9e04c92497>	accept
<urn:uuid:c5a2ad92-e108-46ee-a3ef-b92d112cb742>	accept
<urn:uuid:b388275b-dedd-432c-856f-4ffc04fbcc0b>	accept
<urn:uuid:a3eee1dd-b287-4270-9500-db9704cc0936>	accept
<urn:uuid:f658f11c-329b-4b88-8621-bb2aa9a8e4ef>	accept
<urn:uuid:b2e37403-2198-4353-a1a6-3ac6c87549e3>	accept
<urn:uuid:d3086239-1ea8-483a-a5f6-3c5829bcecf6>	accept
<urn:uuid:c96c6f7c-35da-4a8e-b254-910615073ea0>	reject
<urn:uuid:15a2b65b-b971-4bb0-be48-5b1ea2190953>	accept
<urn:uuid:72d48176-847e-48e3-ba57-9ef36aec6ddf>	accept
<urn:uuid:e4c9ba74-bbed-4a0e-804e-2c00ce1d5479>	accept
<urn:uuid:be591830-1398-4fcf-889d-af1b1ce90ae3>	reject
<urn:uuid:6d4916b2-b4ee-4aa8-bb7b-ddb920f5fb85>	accept
<urn:uuid:9e0001ef-d4a7-45ce-b001-8dbebff0f489>	accept
<urn:uuid:e5e76b4b-db30-4acc-aaa5-ba59173fe2d3>	accept
<urn:uuid:bc9a3045-a4d6-4800-92c8-90686a49ab8a>	accept
<urn:uuid:46790612-634b-4aa0-bb4b-43ded6e1ecd1>	accept
<urn:uuid:bb09dce0-bd6a-44a3-90c6-d2a453fbce65>	accept
<urn:uuid:8e4af260-a37f-4c78-bb70-edf7c65ed727>	accept
<urn:uuid:5f224826-9477-485a-ab0f-3dec71528682>	accept
<urn:uuid:4d7bf936-02ea-4bdb-92bf-9acb344dce05>	accept
<urn:uuid:4c53b682-d31d-491d-bfa4-f1944a87f1cc>	accept
<urn:uuid:552c2a3f-5181-4a40-b022-5f9f29172cbd>	accept
<urn:uuid:cd9730e4-89ba-4d45-a6a5-5352a4103c4e>	reject
<urn:uuid:c8f272b2-07ee-47c0-b58e-74ba363a9fc6>	accept
<urn:uuid:c8e4b36e-61ea-47e0-8bdc-68bb04effe92>	accept
<urn:uuid:75f94a09-fe86-4136-8bcd-e28a14a68591>	accept
<urn:uuid:34eaaf31-705b-4626-848f-652e887afdef>	accept
<urn:uuid:bda8523e-2c0b-4660-ab9e-62cf883c0fa1>	accept
<urn:uuid:23aa3604-69ab-483e-8cf3-30b887649a4f>	accept
<urn:uuid:5ac1de37-4149-4191-913b-9aafa7ca009f>	reject
<urn:uuid:b24cb34a-e139-4108-9fd2-517220ac9ef7>	accept
<urn:uuid:d1c7c095-d68b-4164-8223-a26a1cd4f7cb>	accept
<urn:uuid:79f92993-426c-48ac-9905-c0453134a13d>	accept
<urn:uuid:3e39f917-4d04-460d-9612-2fcdc625fdde>	accept
<urn:uuid:886be231-2430-40de-bdf3-6711825d30a9>	accept
<urn:uuid:cab7fc29-f84f-4faf-8682-404465cef20d>	accept
<urn:uuid:5e174b2e-4874-4583-9c3a-9408339a9eb8>	accept
<urn:uuid:a80b6057-7eca-42d5-af7a-505700780b9f>	accept
<urn:uuid:a1120205-14dc-4116-958d-1fe644e8305a>	reject
<urn:uuid:864ad3fe-e4fb-4348-8675-5e2be7cf6fb3>	accept
<urn:uuid:e1272f7b-2d76-4cce-a1ea-036fddcc5c59>	accept
<urn:uuid:248cf83b-addd-49b7-9539-501f88280157>	accept
<urn:uuid:bb0f4dd5-2aeb-4651-a597-f914772b13e5>	accept
<urn:uuid:2d864ac6-73f2-4b9f-a887-b2f8cfd1bfcd>	accept
<urn:uuid:0c3a5664-8783-4dcb-9a86-555ee630777d>	reject
<urn:uuid:02fdcd89-29c2-47fe-bb61-5f277bd3b85e>	accept
<urn:uuid:0ae90d0e-8018-4712-9c69-bf097f6891a6>	accept
<urn:uuid:ab4c760a-77f2-403f-be43-de3159df4ae3>	accept
<urn:uuid:d8486385-a50e-4ad7-853a-d2cfec01e77e>	accept
<urn:uuid:f417dce4-64a3-448d-bc11-669a520100a0>	accept
<urn:uuid:ad346c9a-8bdf-4bbc-b3dc-87379478adc9>	accept
<urn:uuid:938e7ece-8176-4906-84e8-34c185252957>	accept
<urn:uuid:7ff2c4ac-aa7a-4320-97b3-65a6ff3d1ed5>	accept
<urn:uuid:2fe200fb-f200-4355-b1cf-9a4c08317c12>	accept
<urn:uuid:57749385-926a-473d-9f74-453ce64c2565>	accept
<urn:uuid:a274d2ba-702d-4cf6-b6ad-aad0f05fecf0>	accept
<urn:uuid:2ab1c4d5-2e10-400f-af5c-26391d02da6d>	accept
<urn:uuid:72b9044a-4721-4cc6-b2ab-2f10293bbc0c>	accept
<urn:uuid:a10a478c-8ffa-46cb-997f-699199368adb>	accept
<urn:uuid:64cd2267-a2d2-467d-826e-f22df1e98cb3>	accept
<urn:uuid:7d9d447e-2c1a-413f-9e0f-6881fd8053b6>	accept
<urn:uuid:956223fe-a6ba-49ec-b552-42d357078023>	accept
<urn:uuid:0b400105-f24d-4b5c-9441-a9c30ab7c66c>	accept
<urn:uuid:14769645-c234-4770-bdc9-a6db1b22a871>	accept
<urn:uuid:14b9a33d-064c-49f6-b4a1-402fd0aa26ce>	accept
<urn:uuid:71143f46-8cc5-43c7-bea4-c598e20ec06c>	accept
<urn:uuid:7ff7e9f2-2e07-45ca-98fd-9f777b09ef60>	accept
<urn:uuid:7c4c5c4a-a3ef-4d2b-ab85-67c86694f52c>	accept
<urn:uuid:b504bb2d-e55f-4797-9f35-3ef4fe10686b>	accept
<urn:uuid:4eb77394-5682-4514-871d-d02a2fb04cb5>	accept
<urn:uuid:2fd8f08b-4786-4fbe-ab62-587d7f669192>	accept
<urn:uuid:5ab3ef7a-4784-43b5-ae39-5ad983214478>	accept
<urn:uuid:40e445e5-0ccc-4d60-8411-211e141d1a42>	accept
<urn:uuid:68e64a8f-0d93-4e55-8261-27ae209e0793>	accept
<urn:uuid:9b4a5306-4d14-446d-beb5-08bab7a3feef>	accept
<urn:uuid:279d8e81-9db5-480b-8431-ebb3a85f2d2b>	accept
<urn:uuid:850c9152-8503-49f9-8dee-421b03e171a7>	accept
<urn:uuid:b8a26fea-6028-4889-b209-173a67b92891>	accept
<urn:uuid:87ba29b7-8b1a-4c8b-80ca-8e8533dfef82>	accept
<urn:uuid:d537ba2c-5d0a-4364-9ed6-f245ab441ea1>	accept
<urn:uuid:c1665560-c6dd-41ca-90da-dc38b4336c34>	accept
<urn:uuid:d57574fd-639e-459f-95fc-a0cbe9bdaf2c>	accept
<urn:uuid:f6c7e1cf-f3ad-4dcd-ab11-b7db2ee14bc9>	accept
<urn:uuid:6e4cb413-e721-45f3-8ddc-c7292d2ef8a6>	accept
<urn:uuid:b50834dd-53e1-4bb2-b5e6-179f0591439f>	accept
<urn:uuid:68c0e0a4-5c0d-4f36-ae5c-05f5126ad121>	accept
<urn:uuid:14db5358-6f2d-43f6-837c-e439bd397853>	accept
<urn:uuid:11eac1a6-3d76-4ee9-ab12-bb7b04eafa47>	accept
<urn:uuid:cdc67d0a-3224-4f80-b6e8-4a7308e414a4>	accept
<urn:uuid:9ab421ff-bfeb-404c-92f4-ebc25b4fe731>	accept
<urn:uuid:b77cfd2c-9a76-4b2b-86a1-1ba4881524cb>	accept
<urn:uuid:81850081-5429-4852-99c2-08206d74f5f5>	accept
<urn:uuid:df8847bd-d617-46d0-98b8-4858520f00fe>	accept
<urn:uuid:9cc89eae-144e-4dd1-8cfa-3e396a338f44>	accept
<urn:uuid:cb69df73-bfdc-4365-97af-e9484b2adb17>	accept
<urn:uuid:8cd48a37-854c-4ee5-b4a6-04f260f7267c>	accept
<urn:uuid:1e8a41bb-0723-4c53-a214-def413622a01>	accept
<urn:uuid:4758e688-9ec0-4f92-a732-6856556456ba>	accept
<urn:uuid:c8e43dd0-5a46-4a22-b9a2-e1b1d0478b3a>	accept
<urn:uuid:8e1bf947-adbb-4c5d-932c-af6f0966bbf7>	accept
<urn:uuid:af4dc1ae-5205-49d6-9198-5b9f5731dfec>	accept
<urn:uuid:c6424260-3879-4d92-ba98-6338e9ed60c7>	accept
<urn:uuid:c8551ecf-2b18-49fd-afc6-b4cdd75f3eec>	accept
<urn:uuid:bcbd5c9c-3a5e-48b9-85be-24ad18d28b0e>	accept
<urn:uuid:72c73128-5fe9-42d8-8a5b-9ccfc28b195a>	accept
<urn:uuid:89420bbd-c039-417f-82cb-64769c93f882>	accept
<urn:uuid:49135441-ddd0-4b50-a817-f9ee0ae5003f>	accept
<urn:uuid:ac1ae4dd-e324-49dd-a2d9-ae1b90a1b3fc>	accept
<urn:uuid:c57bf479-310a-42c1-ab67-f614a114ec25>	accept
<urn:uuid:b7c3b17e-0677-495c-a903-aac0aa9b4cfc>	accept
<urn:uuid:ab567a1b-a2f3-4a3d-b2ae-e9ea29922faa>	accept
<urn:uuid:44adef6d-4338-4f51-8065-4f972a2ac5ba>	accept
<urn:uuid:8ddcee70-c843-49d2-9ad7-5660b4548386>	accept
<urn:uuid:354d2842-ff64-4489-b14e-c0b6da13b2b2>	accept
<urn:uuid:6292da2e-48d8-486c-a107-a980201ead9c>	accept
<urn:uuid:de4c700b-1920-408c-a784-fa69404d4b9a>	accept
<urn:uuid:74cd6454-fef1-406f-aaa2-c35e6d7bf915>	accept
<urn:uuid:51cf9ba0-94cc-4ae8-b590-83e4e65d6a4c>	accept
<urn:uuid:05047c98-6667-44da-b67b-cc1a1d57ad4a>	accept
<urn:uuid:ef122feb-7832-46aa-a1f2-97e3a6bf6e12>	accept
<urn:uuid:2d90b979-1a10-438d-9883-d0f8c174a388>	accept
<urn:uuid:b527aa84-53de-45ed-97c9-6ba05170bb52>	accept
<urn:uuid:51004849-77a7-4319-8aff-6aee405c4b3f>	accept
<urn:uuid:b3ef52ad-9945-4b4b-b1b1-45ce35fd20a1>	accept
<urn:uuid:cf1b3438-e9f2-4a07-a8c5-ea54c1c53dc7>	accept
<urn:uuid:25923949-63b3-478c-8cf6-18db3e47e2e3>	accept
<urn:uuid:eb8ba57c-69d8-4224-8e41-f102f390f2a3>	accept
<urn:uuid:2626efb1-9fb2-4a76-b51f-e197c8631f11>	accept
<urn:uuid:ae8a1e48-a8e9-4e18-be05-6b83c5892a4d>	accept
<urn:uuid:3b4b5f98-0f36-4873-b522-7a54e3c4839a>	accept
<urn:uuid:075b6a25-7ef9-469c-8f85-5445b0d52bf3>	accept
<urn:uuid:164be8b8-0861-4c58-b417-00d9b61879e1>	accept
<urn:uuid:0f22119a-b103-44a2-a890-a19144fc4d64>	accept
<urn:uuid:4eff45ee-be9c-4d6d-bcb9-c452fd868177>	accept
<urn:uuid:f6b9a81c-0877-4eba-92ec-aa50e66a1a91>	accept
<urn:uuid:ac5faba4-ae24-436e-b9f6-ba732c5d8764>	accept
<urn:uuid:364abf76-e531-4b72-8c4a-151840ed3f04>	accept
<urn:uuid:fe358f35-ee1b-4fbf-b4dd-2e512e0cd02b>	accept
<urn:uuid:5891d009-c7fd-47c7-b664-3694ba90c46b>	accept
<urn:uuid:ca103ed6-357c-40da-954a-cfd5bfd8e3bf>	accept
<urn:uuid:f6fc1379-1c78-4f33-a005-af658b263517>	accept
<urn:uuid:f69a8f38-8850-4ed5-85ef-58ec8f535aed>	reject
<urn:uuid:7cfe1da0-04e1-4a76-b6b3-36dbdae2619d>	accept
<urn:uuid:f0003dab-f0cf-471c-86ef-db6b85e29b1a>	accept
<urn:uuid:4cf0121a-d6d4-4886-b49d-1dce0ed7fa7d>	accept
<urn:uuid:bbf4b80c-12b8-43b0-837d-7a989c2153ed>	accept
<urn:uuid:c5bad2e4-d306-4873-ade1-cceed31df3aa>	accept
<urn:uuid:434be1bf-19c9-4b12-8db6-d100a7df5b83>	accept
<urn:uuid:4be899b1-04d0-482a-b977-ae3dfa8f4ae2>	accept
<urn:uuid:b95fd5a1-2126-44f5-8e45-450c4097116e>	accept
<urn:uuid:fe5b4361-9008-412e-8f92-34e938f79f45>	accept
<urn:uuid:6b54e329-2c89-49f0-9866-3732fdd56521>	accept
<urn:uuid:962086b7-ae53-40f2-a3b6-90107c239c2e>	reject
<urn:uuid:05c39da3-bac0-4cf7-8916-6b753981f5f5>	accept
<urn:uuid:d01a06e3-f0f6-48f7-a184-e852b96d594b>	accept
<urn:uuid:8b750945-e646-4c10-b914-516ec27b6242>	accept
<urn:uuid:ed148a91-1814-45d4-8e04-3380c97c33b9>	accept
<urn:uuid:17688e2a-126a-477e-852e-cc978300879b>	accept
<urn:uuid:c16de9ac-2046-455a-a8d4-7ad621036a8e>	accept
<urn:uuid:6b6e43b2-0174-40d5-9ef8-613e5f8aeb1d>	accept
<urn:uuid:06cea49b-3736-43b6-afe2-541545d0899a>	accept
<urn:uuid:bd2d12c5-b074-43b5-84fc-fd954841b442>	accept
<urn:uuid:fa8eadd1-c574-4ee8-bae3-e5a9b46fe479>	accept
<urn:uuid:ada15afe-1c30-4aef-871d-060822db3976>	accept
<urn:uuid:2474d102-494a-4982-b698-ee51d62c3342>	accept
<urn:uuid:cfa36faa-309f-4bff-9926-59ceed4aebb0>	accept
<urn:uuid:2eb935fb-8b33-461d-ab56-643d0aecbfe7>	accept
<urn:uuid:8b051ed7-19bf-4309-8a66-ad19090cca8a>	accept
<urn:uuid:ac724533-d51e-487c-94be-ee6d57c91293>	accept
<urn:uuid:3e0452ec-d2dd-405f-a2b3-7f70ece3f8cc>	accept
<urn:uuid:39bf64f1-c15f-431b-ba18-38a9b29daf2f>	accept
<urn:uuid:19837540-9a71-4642-9a39-913fc3e96d7d>	accept
<urn:uuid:b50ef790-a417-4498-82ee-d6914911c0ef>	accept
<urn:uuid:62a993f2-b591-4070-a4e9-93670a0347fb>	accept
<urn:uuid:1968032a-6183-4398-a02c-81931ed9ac1d>	accept
<urn:uuid:52248b70-26c1-4096-a547-96c1d623800a>	accept
<urn:uuid:659f56e3-d352-40b5-b459-fd406edee9f9>	accept
<urn:uuid:0522bf50-2fab-4847-93d6-ea0d3276de1e>	reject
<urn:uuid:26d26065-17a5-48f3-bf4b-9797ea957ee7>	accept
<urn:uuid:64eba788-c8b6-4269-a02f-98434c4fc7b6>	accept
<urn:uuid:12cba0a4-c5f8-4949-ab1e-091a7e6649ec>	accept
<urn:uuid:f2dd9f8b-3c29-450d-b60b-ef9a59bce6b9>	accept
<urn:uuid:661232dd-640a-4c50-9c74-d03f6aef913a>	accept
<urn:uuid:f90a1be8-8402-479d-9173-5a14cba0ed5c>	accept
<urn:uuid:36b98e83-63e7-483a-8a04-610fdd904a46>	accept
<urn:uuid:1ecfb359-9a67-47e6-be3b-c1779345c730>	accept
<urn:uuid:83db9720-d3a7-467a-80a7-b8a9da2fc090>	accept
<urn:uuid:c6acba15-a9cc-4bc1-a0fd-9dd51ed33600>	accept
<urn:uuid:bc0d702e-d17e-476c-9d3c-ae5d8416952d>	accept
<urn:uuid:deba1d18-6b23-4a06-8ac2-995a4c5e053e>	accept
<urn:uuid:bcd43f5d-3438-47e0-9fbd-b2a0e9736da5>	accept
<urn:uuid:811cfa57-4355-4afd-89e4-d7d4c2cf23fd>	accept
<urn:uuid:facffe75-0a30-4003-a098-b4adc757687e>	accept
<urn:uuid:a831d6f4-811d-463e-b240-5fcea9fa36ac>	accept
<urn:uuid:97f15e7a-44ac-46d3-bf9d-dbf3fbd4c70f>	accept
<urn:uuid:79861482-653e-453b-8180-514d05f24401>	accept
<urn:uuid:0f398e7a-1bc6-44d6-8142-229e5e67c94e>	accept
<urn:uuid:97fb5064-930e-44e5-9625-3706d06749cd>	accept
<urn:uuid:3a69f41d-9871-4289-b147-d28ed20e1022>	reject
<urn:uuid:87d8d297-c261-4582-a057-df825d3dc2a1>	accept
<urn:uuid:133fbd2d-0cca-4d94-bfdd-7b2199220cd2>	reject
<urn:uuid:ff8b5231-fd4e-4cc5-845c-cbbab5b39e08>	accept
<urn:uuid:33efc2d1-779b-43e7-86ea-d07461a74477>	accept
<urn:uuid:ed731db5-61e0-447e-8a31-3852edd0edb2>	accept
<urn:uuid:758be512-cfbe-4bc5-bcd8-2c11abcd69bc>	accept
<urn:uuid:0c42ff9c-04f1-47a3-95ed-b850d8e46905>	accept
<urn:uuid:d1430e9a-9c83-4436-93bd-2ae90f602345>	accept
<urn:uuid:1925e043-ef97-422c-ab98-32510d092ca5>	accept
<urn:uuid:c443475d-f313-4b15-9179-b265ca51ae10>	accept
<urn:uuid:f6c12881-12a5-4328-a357-a8ab5f1f5e7b>	accept
<urn:uuid:6df6a671-f914-4440-becc-ffa4220d1ecd>	accept
<urn:uuid:bd1f9232-4a82-4a56-910d-7f6fcac95c00>	accept
<urn:uuid:4a5bb88c-e415-497f-bf5a-163156635ba6>	accept
<urn:uuid:b1f0f04e-eb63-45d1-a82f-6375caa35492>	accept
<urn:uuid:e2781ac9-3938-4a9a-9e05-8e878fe1a896>	accept
<urn:uuid:d7107df9-d3e9-45d0-b265-148dddce4855>	accept
<urn:uuid:c23e9785-2f49-40c7-808a-b35474e5f7ca>	accept
<urn:uuid:b0588f7c-d4c7-49f5-b02c-138eb40be6fb>	accept
<urn:uuid:cec4a2b4-344a-4fdc-ac66-25abfc439595>	accept
<urn:uuid:5c42010e-e719-4cb3-b711-f3e4ea3ae888>	reject
<urn:uuid:c957e124-820e-4fb6-8cc1-e8b9b165b8a9>	accept
<urn:uuid:aa3cfe8f-5675-4539-8b08-2ebc4cee93a9>	accept
<urn:uuid:55299dfb-db2a-4c11-ac45-6daba3da287f>	accept
<urn:uuid:2a61fdab-427e-4b19-b085-ecdbb6e31090>	accept
<urn:uuid:5b7318bc-194e-438c-812d-fd371936fd44>	accept
<urn:uuid:5e043505-0988-4e43-a13e-a9da8cba8ed2>	accept
<urn:uuid:68f72f6e-e4e7-4337-a17e-ee45c2263812>	accept
<urn:uuid:a64128e5-5dcc-4678-a538-ff64e465cf15>	accept
<urn:uuid:85eb1c59-32bc-4214-a3b7-a2b69c9d37b3>	accept
<urn:uuid:e8ffff0f-ddf4-4d7e-87e9-a279b509e938>	accept
<urn:uuid:f1a345b1-5fc0-4eb6-877c-c6bb318bbfc0>	accept
<urn:uuid:2f50a925-6ad3-466a-963a-2aa056ed5367>	accept
<urn:uuid:d9935ac2-416a-4fc8-965b-45e4eec6ec32>	accept
<urn:uuid:3562b147-db93-4751-8c17-5f8c5cbc04f6>	accept
<urn:uuid:684bb6c8-6360-420e-a56b-3624064c24fc>	accept
<urn:uuid:14a9ca93-7b32-4aec-aa56-1b8c83b0b566>	accept
<urn:uuid:d467ff5c-a3cc-4067-9cd0-ed0460b8e3f8>	accept
<urn:uuid:8e61d773-39a7-4742-98f1-92141805e299>	accept
<urn:uuid:5c398888-3952-4e49-b99b-9814f37233c1>	accept
<urn:uuid:4926f203-ea4f-40f7-954c-d64d794d8a54>	accept
<urn:uuid:750d4511-6079-4bfb-a839-7d879fdee48e>	accept
<urn:uuid:ba750bcd-fee5-4461-9230-ca7c7842d9fe>	reject
<urn:uuid:f85a6c43-feba-40a4-8bf6-60e312cfe05f>	accept
<urn:uuid:a5c8b426-81dd-4448-b009-43051a0554c0>	accept
<urn:uuid:488fef13-cee7-41d1-a9c7-f66e770178c8>	accept
<urn:uuid:a8347f37-4e92-4740-882a-b7f6a899a1c1>	accept
<urn:uuid:63750af8-1c31-4f23-aa20-f4984d8f4941>	accept
<urn:uuid:7350c5ab-6acd-4490-aa0f-5c2ecc49bb8d>	accept
<urn:uuid:f624994e-3164-4a6c-bd60-195a06d4a827>	accept
<urn:uuid:5766d72d-c676-434d-8733-793c25f35c2d>	accept
<urn:uuid:2ad725fa-caa0-412a-b0f2-ecf90d8a6123>	accept
<urn:uuid:f63a01f5-3160-469c-9074-221b6836b4a8>	accept
<urn:uuid:5324059e-e22c-41a8-9ce6-fe2c598d79dd>	accept
<urn:uuid:dbdf941f-c8a3-4177-ad6b-2a2aa5ef2c8b>	accept
<urn:uuid:3f7b7a03-e002-446e-a022-5c5295fcde56>	accept
<urn:uuid:e07b4b19-74d8-417e-bf77-35d28ae266db>	accept
<urn:uuid:73c375ad-f40b-4cd9-9be8-cce3d46e4581>	accept
<urn:uuid:aafe817c-ee31-420d-90af-6179759a8de4>	accept
<urn:uuid:22ad2b3b-c7c8-4bdc-b451-40d6dd46fb89>	accept
<urn:uuid:703dc565-4a08-49b3-9beb-63040bb19383>	accept
<urn:uuid:1da911a9-96dc-47e1-9ae6-750f293dac56>	accept
<urn:uuid:711472cc-48d9-420a-ab4e-97bee2b08472>	reject
<urn:uuid:d99114b8-a38e-4994-83d2-f5805515c8c7>	accept
<urn:uuid:68e81d4a-00fa-479a-871e-703352d06169>	accept
<urn:uuid:16b2986c-b2d7-43d9-ae2f-01ff15423c6e>	accept
<urn:uuid:85331798-f746-4691-8eb2-1d2eca774fe8>	accept
<urn:uuid:64287399-f021-4da7-b49b-bcca45fec893>	accept
<urn:uuid:79e254ec-1aea-4f49-870b-52437f1b3ece>	accept
<urn:uuid:0ce74639-4920-400c-9902-c7ee633c404e>	accept
<urn:uuid:d94171e0-cebe-44d0-a32a-f646d8796d38>	accept
<urn:uuid:9fdee60b-6630-466d-86a8-ffed5970a8a6>	accept
<urn:uuid:95136874-49d5-4f18-abd4-4e37382735f3>	accept
<urn:uuid:29327666-21b8-41d6-8797-aa51ac3e3349>	accept
<urn:uuid:2a353200-dc48-49db-a5ec-ce0dcf48a128>	accept
<urn:uuid:577f039d-af18-4d6a-bcf7-2214ee6b14fb>	accept
<urn:uuid:f1c2b2e6-e53b-43d8-9235-69d47fc60b88>	accept
<urn:uuid:401fc554-f115-45a8-8e7e-d6d87384c55d>	accept
<urn:uuid:94d04f5d-7498-4fd6-ae08-08ba0a63ec89>	accept
<urn:uuid:7106a676-8906-46e9-8f9f-019968d8a1d6>	accept
<urn:uuid:f1e31e8a-46a9-43a4-b9c4-e414745f8632>	accept
<urn:uuid:045b6dcd-7a8e-482e-a247-9af8dc5f6f99>	accept
<urn:uuid:b4c3c019-c054-4c20-8631-a20d68fdce57>	accept
<urn:uuid:d4ce43c8-4d47-4117-a330-d7ea3ba07a60>	accept
<urn:uuid:5ec57915-836e-41a4-8ccd-dfe4544c5e8b>	accept
<urn:uuid:997c12ad-14f0-4068-88aa-474097ecdf8e>	accept
<urn:uuid:898105f7-d517-492d-ae4e-7680191abf39>	accept
<urn:uuid:e374a6e3-df2a-4dda-a684-7886ca11fa5b>	accept
<urn:uuid:a75ce962-4e6f-47f7-980f-6c9ebce1931d>	accept
<urn:uuid:5048785d-02c5-4b52-bdf7-0bf01aff01a5>	accept
<urn:uuid:f5502767-a50f-4b1b-ae86-1cc87aa410db>	accept
<urn:uuid:f05a941d-012a-4f48-bd2c-f1c6a86fdca4>	accept
<urn:uuid:5258a114-938e-41b6-8c00-a5f87632ba8c>	reject
<urn:uuid:2e96981a-5ad9-49ce-baa5-b5a835b83d5d>	accept
<urn:uuid:ca3997d3-08c8-46b8-9761-ff6dd30de770>	reject
<urn:uuid:ddb3adf7-3ab7-4ec9-9730-d8ec0a9ed970>	accept
<urn:uuid:8fc74eed-6324-4d00-a7ff-18a597cc8f8e>	accept
<urn:uuid:b0f3c918-75ca-49da-9e26-0417b440784d>	accept
<urn:uuid:e721bd67-3c07-4b54-a87b-03f6f7223f02>	accept
<urn:uuid:560d0c5e-25ee-4002-9df0-950dbfbe4f02>	accept
<urn:uuid:d7937c18-35e5-4cc4-aadc-74dc43920dab>	accept
<urn:uuid:0940512c-2513-4caf-be02-a104773029d8>	accept
<urn:uuid:a659955f-597f-4782-8090-ac107fcc75b8>	accept
<urn:uuid:6b8dd2b6-3e4d-4496-a5d8-272e336422a4>	reject
<urn:uuid:18b87b2a-cded-434d-9a48-d867565b0385>	accept
<urn:uuid:4393e7c8-62ea-4b0a-978f-55b0e2ad707c>	accept
<urn:uuid:d4ac45ef-2a13-43c5-8830-dbfcb6af54a3>	accept
<urn:uuid:0271f1be-8301-4535-9495-595ebfe95421>	accept
<urn:uuid:856aa0ba-85ec-4e0a-9dd5-f92b4b2a098e>	accept
<urn:uuid:5214bdf9-98d3-4c91-bbd7-876c6ab0819d>	accept
<urn:uuid:cc13f1c2-4e45-4016-9f4c-637d0ca598c4>	accept
<urn:uuid:226c78a0-41c0-433c-8c2b-73f98f5b5fe3>	accept
<urn:uuid:73a977f3-3d9b-47b9-8837-cd557379fb3c>	accept
<urn:uuid:8b843c99-a71e-4fcb-8d1d-e5a1a2b0c9f4>	accept
<urn:uuid:9d211afa-9c79-4483-b149-eee87f60ae3f>	accept
<urn:uuid:16dd4fd5-76c9-41e7-b26d-9871bf5b4fc2>	reject
<urn:uuid:6295e920-8c5e-42d1-ba58-a2df693169e3>	accept
<urn:uuid:9a2c6216-d23a-4213-aa72-e9d1dd7eee82>	accept
<urn:uuid:8bd599eb-4509-4051-849a-7ddc995d3f34>	accept
<urn:uuid:f16a4305-8862-4787-9839-a7e1be0cdf80>	accept
<urn:uuid:bed15baf-d7a9-4480-aa7d-b7aa0acc3d2c>	accept
<urn:uuid:47b9d4e7-fc37-4b08-a760-f577a69ce0e2>	accept
<urn:uuid:9ed93be6-0653-4cf8-8a36-b120474f890c>	accept
<urn:uuid:3d4f4b41-699c-4be8-907c-d66cb4e7e5cc>	accept
<urn:uuid:d74dab5e-f0d3-4aac-832b-c0f75ce2bb71>	accept
<urn:uuid:165048d3-d902-47ea-99c5-d51c0218f18f>	accept
